month,monthly_quantity,monthly_total_amount
2023-04,1240,60840.787854022
2023-05,42121,2099576.100834883
2023-06,41630,2066364.823316068
2023-07,43051,2132550.517749446
2023-08,42588,2109352.646045025
2023-09,41204,2050334.601014936
2023-10,41284,2049450.698115731
2023-11,41822,2051277.297132633
2023-12,42656,2125651.065680958
2024-01,42702,2128345.276941186
2024-02,40105,1973154.117227244
2024-03,42551,2108248.042126508
2024-04,37975,1878349.532346879
